{
  "Ansi 6 Color" : {
    "Red Component" : 0.55686279999999999,
    "Color Space" : "sRGB",
    "Blue Component" : 0.4862745,
    "Green Component" : 0.75294119999999998
  },
  "Tags" : [

  ],
  "Ansi 12 Color" : {
    "Red Component" : 0.51372549999999995,
    "Color Space" : "sRGB",
    "Blue Component" : 0.59607845999999998,
    "Green Component" : 0.64705884000000002
  },
  "Custom Directory" : "No",
  "Normal Font" : "FiraCodeNFM-Reg 16",
  "Bold Color" : {
    "Red Component" : 0.83529410000000004,
    "Color Space" : "sRGB",
    "Blue Component" : 0.63137259999999995,
    "Green Component" : 0.76862746000000004
  },
  "Link Color" : {
    "Red Component" : 0,
    "Color Space" : "sRGB",
    "Blue Component" : 0.73422706127166748,
    "Alpha Component" : 1,
    "Green Component" : 0.35915294289588928
  },
  "Ansi 4 Color" : {
    "Red Component" : 0.51372549999999995,
    "Color Space" : "sRGB",
    "Blue Component" : 0.59607845999999998,
    "Green Component" : 0.64705884000000002
  },
  "Right Option Key Sends" : 0,
  "Rows" : 25,
  "Default Bookmark" : "No",
  "Cursor Guide Color" : {
    "Red Component" : 0.70214027166366577,
    "Color Space" : "sRGB",
    "Blue Component" : 1,
    "Alpha Component" : 0.25,
    "Green Component" : 0.92681378126144409
  },
  "Non-ASCII Anti Aliased" : true,
  "Use Bright Bold" : true,
  "Ansi 10 Color" : {
    "Red Component" : 0.72156863999999998,
    "Color Space" : "sRGB",
    "Blue Component" : 0.14901961,
    "Green Component" : 0.73333334999999999
  },
  "Ambiguous Double Width" : false,
  "Jobs to Ignore" : [
    "rlogin",
    "ssh",
    "slogin",
    "telnet"
  ],
  "Ansi 15 Color" : {
    "Red Component" : 0.98431369999999996,
    "Color Space" : "sRGB",
    "Blue Component" : 0.78039217000000005,
    "Green Component" : 0.94509803999999997
  },
  "Foreground Color" : {
    "Red Component" : 0.83529410000000004,
    "Color Space" : "sRGB",
    "Blue Component" : 0.63137259999999995,
    "Green Component" : 0.76862746000000004
  },
  "Working Directory" : "~\/",
  "Blinking Cursor" : false,
  "Disable Window Resizing" : true,
  "Sync Title" : false,
  "Prompt Before Closing 2" : false,
  "BM Growl" : true,
  "Command" : "\/opt\/homebrew\/bin\/fish",
  "Description" : "Default",
  "Mouse Reporting" : true,
  "Screen" : -1,
  "Selection Color" : {
    "Red Component" : 0.31372549999999999,
    "Color Space" : "sRGB",
    "Blue Component" : 0.27058824999999997,
    "Green Component" : 0.28627451999999998
  },
  "Columns" : 80,
  "Idle Code" : 0,
  "Ansi 13 Color" : {
    "Red Component" : 0.82745100000000005,
    "Color Space" : "sRGB",
    "Blue Component" : 0.60784316000000005,
    "Green Component" : 0.52549020000000002
  },
  "Custom Command" : "No",
  "ASCII Anti Aliased" : true,
  "Non Ascii Font" : "Monaco 12",
  "Vertical Spacing" : 1.2,
  "Use Bold Font" : true,
  "Option Key Sends" : 2,
  "Selected Text Color" : {
    "Red Component" : 0.83529410000000004,
    "Color Space" : "sRGB",
    "Blue Component" : 0.63137259999999995,
    "Green Component" : 0.76862746000000004
  },
  "Background Color" : {
    "Red Component" : 0.11372549,
    "Color Space" : "sRGB",
    "Blue Component" : 0.12941177000000001,
    "Green Component" : 0.1254902
  },
  "Character Encoding" : 4,
  "Ansi 11 Color" : {
    "Red Component" : 0.98039215999999996,
    "Color Space" : "sRGB",
    "Blue Component" : 0.18431373000000001,
    "Green Component" : 0.74117650000000002
  },
  "Use Italic Font" : true,
  "Unlimited Scrollback" : false,
  "Keyboard Map" : {
    "0xf700-0x260000" : {
      "Action" : 10,
      "Text" : "[1;6A"
    },
    "0x37-0x40000" : {
      "Action" : 11,
      "Text" : "0x1f"
    },
    "0x32-0x40000" : {
      "Action" : 11,
      "Text" : "0x00"
    },
    "0xf709-0x20000" : {
      "Action" : 10,
      "Text" : "[17;2~"
    },
    "0xf70c-0x20000" : {
      "Action" : 10,
      "Text" : "[20;2~"
    },
    "0xf729-0x20000" : {
      "Action" : 10,
      "Text" : "[1;2H"
    },
    "0xf72b-0x40000" : {
      "Action" : 10,
      "Text" : "[1;5F"
    },
    "0xf705-0x20000" : {
      "Action" : 10,
      "Text" : "[1;2Q"
    },
    "0xf703-0x260000" : {
      "Action" : 10,
      "Text" : "[1;6C"
    },
    "0xf700-0x220000" : {
      "Action" : 10,
      "Text" : "[1;2A"
    },
    "0xf701-0x280000" : {
      "Action" : 11,
      "Text" : "0x1b 0x1b 0x5b 0x42"
    },
    "0x38-0x40000" : {
      "Action" : 11,
      "Text" : "0x7f"
    },
    "0x33-0x40000" : {
      "Action" : 11,
      "Text" : "0x1b"
    },
    "0xf703-0x220000" : {
      "Action" : 10,
      "Text" : "[1;2C"
    },
    "0xf701-0x240000" : {
      "Action" : 10,
      "Text" : "[1;5B"
    },
    "0xf70d-0x20000" : {
      "Action" : 10,
      "Text" : "[21;2~"
    },
    "0xf702-0x260000" : {
      "Action" : 10,
      "Text" : "[1;6D"
    },
    "0xf729-0x40000" : {
      "Action" : 10,
      "Text" : "[1;5H"
    },
    "0xf706-0x20000" : {
      "Action" : 10,
      "Text" : "[1;2R"
    },
    "0x34-0x40000" : {
      "Action" : 11,
      "Text" : "0x1c"
    },
    "0xf700-0x280000" : {
      "Action" : 11,
      "Text" : "0x1b 0x1b 0x5b 0x41"
    },
    "0x2d-0x40000" : {
      "Action" : 11,
      "Text" : "0x1f"
    },
    "0xf70e-0x20000" : {
      "Action" : 10,
      "Text" : "[23;2~"
    },
    "0xf702-0x220000" : {
      "Action" : 10,
      "Text" : "[1;2D"
    },
    "0xf703-0x280000" : {
      "Action" : 11,
      "Text" : "0x1b 0x1b 0x5b 0x43"
    },
    "0xf700-0x240000" : {
      "Action" : 10,
      "Text" : "[1;5A"
    },
    "0xf707-0x20000" : {
      "Action" : 10,
      "Text" : "[1;2S"
    },
    "0xf70a-0x20000" : {
      "Action" : 10,
      "Text" : "[18;2~"
    },
    "0x35-0x40000" : {
      "Action" : 11,
      "Text" : "0x1d"
    },
    "0xf70f-0x20000" : {
      "Action" : 10,
      "Text" : "[24;2~"
    },
    "0xf703-0x240000" : {
      "Action" : 10,
      "Text" : "[1;5C"
    },
    "0xf701-0x260000" : {
      "Action" : 10,
      "Text" : "[1;6B"
    },
    "0xf702-0x280000" : {
      "Action" : 11,
      "Text" : "0x1b 0x1b 0x5b 0x44"
    },
    "0xf72b-0x20000" : {
      "Action" : 10,
      "Text" : "[1;2F"
    },
    "0x36-0x40000" : {
      "Action" : 11,
      "Text" : "0x1e"
    },
    "0xf708-0x20000" : {
      "Action" : 10,
      "Text" : "[15;2~"
    },
    "0xf701-0x220000" : {
      "Action" : 10,
      "Text" : "[1;2B"
    },
    "0xf70b-0x20000" : {
      "Action" : 10,
      "Text" : "[19;2~"
    },
    "0xf702-0x240000" : {
      "Action" : 10,
      "Text" : "[1;5D"
    },
    "0xf704-0x20000" : {
      "Action" : 10,
      "Text" : "[1;2P"
    }
  },
  "Window Type" : 0,
  "Background Image Location" : "",
  "Blur" : false,
  "Badge Color" : {
    "Red Component" : 1,
    "Color Space" : "sRGB",
    "Blue Component" : 0,
    "Alpha Component" : 0.5,
    "Green Component" : 0.14910030364990234
  },
  "Scrollback Lines" : 1000,
  "Send Code When Idle" : false,
  "Close Sessions On End" : true,
  "Terminal Type" : "xterm-256color",
  "Visual Bell" : true,
  "Flashing Bell" : false,
  "Silence Bell" : false,
  "Ansi 14 Color" : {
    "Red Component" : 0.55686279999999999,
    "Color Space" : "sRGB",
    "Blue Component" : 0.4862745,
    "Green Component" : 0.75294119999999998
  },
  "Name" : "Custom",
  "Cursor Text Color" : {
    "Red Component" : 0.11372549,
    "Color Space" : "sRGB",
    "Blue Component" : 0.12941177000000001,
    "Green Component" : 0.1254902
  },
  "Shortcut" : "",
  "Cursor Color" : {
    "Red Component" : 0.83529410000000004,
    "Color Space" : "sRGB",
    "Blue Component" : 0.63137259999999995,
    "Green Component" : 0.76862746000000004
  },
  "Transparency" : 0,
  "Ansi 1 Color" : {
    "Red Component" : 0.98431369999999996,
    "Color Space" : "sRGB",
    "Blue Component" : 0.20392157,
    "Green Component" : 0.28627451999999998
  },
  "Horizontal Spacing" : 1,
  "Ansi 3 Color" : {
    "Red Component" : 0.98039215999999996,